1,stevenw,sha1$vgLpXM1p$ae49e63581951ebc613ff1993f07685420bbba7f,Steven,Wells,781-000-0012,swells@fakemail.com,steven_wells.jpg,M,8d41e5a4-2174-11e2-9b2b-5cac4caa5fae,2012-10-29 02:58:44.434582,2012-10-29 02:58:44.434619
2,jamesk,sha1$vgLpXM1p$ae49e63581951ebc613ff1993f07685420bbba7f,James,King,781-000-0001,jking@fakemail.com,james_king.jpg,M,9d41e5a4-2174-11e2-9b2b-5cac4caa5fae,2012-10-29 02:58:44.434583,2012-10-29 02:58:44.434620
3,juliet,sha1$vgLpXM1p$ae49e63581951ebc613ff1993f07685420bbba7f,Julie,Taylor,781-000-0002,jtaylor@fakemail.com,julie_taylor.jpg,F,10d41e5a4-2174-11e2-9b2b-5cac4caa5fae,2012-10-29 02:58:44.434584,2012-10-29 02:58:44.434621
4,elee,sha1$vgLpXM1p$ae49e63581951ebc613ff1993f07685420bbba7f,Eugene,Lee,781-000-0003,elee@fakemail.com,eugene_lee.jpg,M,11d41e5a4-2174-11e2-9b2b-5cac4caa5fae,2012-10-29 02:58:44.434585,2012-10-29 02:58:44.434622
5,johnw,sha1$vgLpXM1p$ae49e63581951ebc613ff1993f07685420bbba7f,John,Williams,781-000-0004,jwilliams@fakemail.com,john_williams.jpg,M,12d41e5a4-2174-11e2-9b2b-5cac4caa5fae,2012-10-29 02:58:44.434586,2012-10-29 02:58:44.434623
6,raymo,sha1$vgLpXM1p$ae49e63581951ebc613ff1993f07685420bbba7f,Ray,Moore,781-000-0005,rmoore@fakemail.com,ray_moore.jpg,M,13d41e5a4-2174-11e2-9b2b-5cac4caa5fae,2012-10-29 02:58:44.434587,2012-10-29 02:58:44.434624
7,pauljj,sha1$vgLpXM1p$ae49e63581951ebc613ff1993f07685420bbba7f,Paul,Jones,781-000-0006,pjones@fakemail.com,paul_jones.jpg,M,14d41e5a4-2174-11e2-9b2b-5cac4caa5fae,2012-10-29 02:58:44.434588,2012-10-29 02:58:44.434625
8,paulag,sha1$vgLpXM1p$ae49e63581951ebc613ff1993f07685420bbba7f,Paula,Gates,781-000-0007,pgates@fakemail.com,paula_gates.jpg,F,15d41e5a4-2174-11e2-9b2b-5cac4caa5fae,2012-10-29 02:58:44.434589,2012-10-29 02:58:44.434626
9,lisaw,sha1$vgLpXM1p$ae49e63581951ebc613ff1993f07685420bbba7f,Lisa,Wong,781-000-0008,lwong@fakemail.com,lisa_wong.jpg,F,16d41e5a4-2174-11e2-9b2b-5cac4caa5fae,2012-10-29 02:58:44.434590,2012-10-29 02:58:44.434627
10,garyd,sha1$vgLpXM1p$ae49e63581951ebc613ff1993f07685420bbba7f,Gary,Donovan,781-000-0009,gdonovan@fakemail.com,gary_donovan.jpg,M,17d41e5a4-2174-11e2-9b2b-5cac4caa5fae,2012-10-29 02:58:44.434591,2012-10-29 02:58:44.434628
11,kathleenb,sha1$vgLpXM1p$ae49e63581951ebc613ff1993f07685420bbba7f,Kathleen,Bryne,781-000-0010,kbyrne@fakemail.com,kathleen_byrne.jpg,F,18d41e5a4-2174-11e2-9b2b-5cac4caa5fae,2012-10-29 02:58:44.434592,2012-10-29 02:58:44.434629
12,anyjj,sha1$vgLpXM1p$ae49e63581951ebc613ff1993f07685420bbba7f,Amy,James,781-000-0011,ajones@fakemail.com,amy_jones.jpg,F,19d41e5a4-2174-11e2-9b2b-5cac4caa5fae,2012-10-29 02:58:44.434593,2012-10-29 02:58:44.434630
13,ferronrsmith,sha1$vgLpXM1p$ae49e63581951ebc613ff1993f07685420bbba7f,Ferron,Smith,781-000-0013,ferron@fakemail.com,ferron_smith.jpg,M,20d41e5a4-2174-11e2-9b2b-5cac4caa5fae,2012-10-29 02:58:44.434594,2012-10-29 02:58:44.434631
